<?xml version="1.0" encoding="UTF-8"?>
<project-private xmlns="http://www.netbeans.org/ns/project-private/1">
    <editor-bookmarks xmlns="http://www.netbeans.org/ns/editor-bookmarks/2" lastBookmarkId="0"/>
    <open-files xmlns="http://www.netbeans.org/ns/projectui-open-files/2">
        <group>
            <file>file:/C:/Users/Karine/Desktop/JavaJP/MercadoNovo2022Retaguarda/src/Controller/ControllerBuscaFornecedor.java</file>
            <file>file:/C:/Users/Karine/Desktop/JavaJP/MercadoNovo2022Retaguarda/src/Controller/ControllerCadFornecedor.java</file>
            <file>file:/C:/Users/Karine/Desktop/JavaJP/MercadoNovo2022Retaguarda/src/ModelBO/Fornecedor.java</file>
            <file>file:/C:/Users/Karine/Desktop/JavaJP/MercadoNovo2022Retaguarda/src/View/FormBuscaFornecedor.java</file>
            <file>file:/C:/Users/Karine/Desktop/JavaJP/MercadoNovo2022Retaguarda/src/Controller/ControllerBuscaEndereco.java</file>
        </group>
    </open-files>
</project-private>
